2,Antonette,True,totam atque quo nesciunt
2,Antonette,True,totam atque quo nesciunt
2,Antonette,True,totam atque quo nesciunt
2,Antonette,True,totam atque quo nesciunt
2,Antonette,True,totam atque quo nesciunt
2,Antonette,True,totam atque quo nesciunt
2,Antonette,True,totam atque quo nesciunt
2,Antonette,True,totam atque quo nesciunt
2,Antonette,True,totam atque quo nesciunt
2,Antonette,True,totam atque quo nesciunt
2,Antonette,True,totam atque quo nesciunt
2,Antonette,True,totam atque quo nesciunt
2,Antonette,True,totam atque quo nesciunt
2,Antonette,True,totam atque quo nesciunt
2,Antonette,True,totam atque quo nesciunt
2,Antonette,True,totam atque quo nesciunt
2,Antonette,True,totam atque quo nesciunt
2,Antonette,True,totam atque quo nesciunt
2,Antonette,True,totam atque quo nesciunt
2,Antonette,True,totam atque quo nesciunt
